chimeraId,tokenId,producerId,productionLocation,productionDate,treeSpecies,imageUrl,parentId,divisionCount,productionMethod,salesPrice,ownerId,processingStatus,salesStatus
,1,1,三重県熊野市井戸町,2024/01/19,ヒノキ,,,6,採取,"2,785.00",15,未加工,取引済み
,2,1,三重県熊野市井戸町,2024/01/04,ヒノキ,,,8,採取,"2,197.00",16,未加工,取引済み
,3,2,高知県長岡郡本山町,2024/01/24,クヌギ,,,8,採取,"2,849.00",16,未加工,取引済み
,4,2,高知県長岡郡本山町,2024/01/26,ヒノキ,,,14,採取,"2,158.00",16,未加工,取引済み
,5,2,高知県長岡郡本山町,2024/01/08,アカマツ,,,8,採取,"2,276.00",17,未加工,取引済み
,6,3,岩手遠野市青笹町糠前,2024/01/04,スギ,,,7,採取,"2,606.00",17,未加工,取引済み
,7,3,岩手遠野市青笹町糠前,2024/01/21,コナラ,,,9,採取,"2,246.00",17,未加工,取引済み
,8,4,群馬県藤岡市鬼石,2024/01/21,ヒノキ,,,7,採取,"2,858.00",17,未加工,取引済み
,9,4,群馬県藤岡市鬼石,2024/01/05,ヒノキ,,,9,採取,"2,546.00",16,未加工,取引済み
,10,5,熊本県阿蘇郡南小国町,2024/01/15,スギ,,,12,採取,"2,317.00",16,未加工,取引済み
,11,6,北海道上川郡下川町,2024/01/10,ナラ,,,9,採取,"2,583.00",17,未加工,取引済み
,12,7,鹿児島県肝属郡錦江町,2024/01/25,タモ,,,13,採取,"2,699.00",17,未加工,取引済み
,13,8,岐阜県美濃市曽代,2024/01/12,ヒノキ,,,7,採取,"2,489.00",17,未加工,取引済み
,14,7,鹿児島県肝属郡錦江町,2024/01/24,クス,,,11,採取,"2,493.00",17,未加工,取引済み
,15,9,長野県大町市平海の口,2024/01/16,ヤマザクラ,,,5,採取,"2,673.00",16,未加工,取引済み
,16,9,長野県大町市平海の口,2024/01/01,クリ,,,5,採取,"2,604.00",17,未加工,取引済み
,17,10,鳥取県八頭郡智頭町,2024/01/16,スギ,,,12,採取,"2,269.00",17,未加工,取引済み
,18,6,北海道上川郡下川町,2024/01/05,タモ,,,7,採取,"2,994.00",15,未加工,取引済み
,19,10,鳥取県八頭郡智頭町,2024/01/16,スギ,,,12,採取,"2,533.00",17,未加工,取引済み
,20,11,岡山県英田郡西粟倉村,2024/01/04,スギ,,,11,採取,"2,691.00",17,未加工,取引済み
,21,8,岐阜県美濃市曽代,2024/01/31,ヒノキ,,,8,採取,"2,115.00",16,未加工,取引済み
,22,11,岡山県英田郡西粟倉村,2024/01/23,スギ,,,15,採取,"2,241.00",17,未加工,取引済み
,23,12,長野県下伊那郡松川町,2024/01/13,カキ,,,6,採取,"2,052.00",17,未加工,取引済み
,24,12,長野県下伊那郡松川町,2024/01/17,カキ,,,2,採取,"2,088.00",15,未加工,取引済み
,25,13,和歌山県田辺市新庄町,2024/01/28,ヒノキ,,,8,採取,"2,773.00",16,未加工,取引済み
,26,13,和歌山県田辺市新庄町,2024/01/13,ウバメガシ,,,3,採取,"2,996.00",16,未加工,取引済み
,27,14,神奈川県箱根町,2023/01/13,スギ,,,7,採取,"2,275.00",15,未加工,取引済み
,28,14,神奈川県箱根町,2023/01/13,スギ,,,4,採取,"2,310.00",16,未加工,取引済み
0-22,29,15,神奈川県藤沢市遠藤,2024/02/03,,,1,,切り出し,608.00,20,未加工,取引済み
1-15,30,15,神奈川県藤沢市遠藤,2024/02/06,,,1,,切り出し,610.00,19,未加工,取引済み
1-46,31,15,神奈川県藤沢市遠藤,2024/02/01,,,1,,切り出し,544.00,20,未加工,取引済み
2-17,32,15,神奈川県藤沢市遠藤,2024/02/04,,,1,,切り出し,683.00,19,未加工,取引済み
2-27,33,15,神奈川県藤沢市遠藤,2024/02/01,,,1,,切り出し,576.00,20,未加工,取引済み
3-42,34,15,神奈川県藤沢市遠藤,2024/02/08,,,1,,切り出し,691.00,19,未加工,取引済み
0-16,35,16,神奈川県藤沢市遠藤,2024/02/05,,,2,,切り出し,337.00,19,未加工,取引済み
0-56,36,16,神奈川県藤沢市遠藤,2024/02/03,,,2,,切り出し,351.00,20,未加工,取引済み
0-60,37,16,神奈川県藤沢市遠藤,2024/02/04,,,2,,切り出し,371.00,18,未加工,取引済み
1-6,38,16,神奈川県藤沢市遠藤,2024/02/04,,,2,,切り出し,346.00,19,未加工,取引済み
1-19,39,16,神奈川県藤沢市遠藤,2024/02/10,,,2,,切り出し,364.00,20,未加工,取引済み
2-6,40,16,神奈川県藤沢市遠藤,2024/02/02,,,2,,切り出し,310.00,19,未加工,取引済み
2-48,41,16,神奈川県藤沢市遠藤,2024/02/03,,,2,,切り出し,361.00,19,未加工,取引済み
3-43,42,16,神奈川県藤沢市遠藤,2024/02/06,,,2,,切り出し,368.00,18,未加工,取引済み
0-50,43,16,神奈川県藤沢市遠藤,2024/02/04,,,3,,切り出し,531.00,20,未加工,取引済み
0-58,44,16,神奈川県藤沢市遠藤,2024/02/06,,,3,,切り出し,398.00,19,未加工,取引済み
1-0,45,16,神奈川県藤沢市遠藤,2024/02/09,,,3,,切り出し,485.00,20,未加工,取引済み
1-13,46,16,神奈川県藤沢市遠藤,2024/02/01,,,3,,切り出し,412.00,18,未加工,取引済み
1-31,47,16,神奈川県藤沢市遠藤,2024/02/07,,,3,,切り出し,505.00,20,未加工,取引済み
1-44,48,16,神奈川県藤沢市遠藤,2024/02/02,,,3,,切り出し,428.00,20,未加工,取引済み
2-38,49,16,神奈川県藤沢市遠藤,2024/02/02,,,3,,切り出し,498.00,18,未加工,取引済み
2-44,50,16,神奈川県藤沢市遠藤,2024/02/02,,,3,,切り出し,518.00,19,未加工,取引済み
0-15,51,16,神奈川県藤沢市遠藤,2024/02/01,,,4,,切り出し,195.00,18,未加工,取引済み
0-28,52,16,神奈川県藤沢市遠藤,2024/02/06,,,4,,切り出し,188.00,19,未加工,取引済み
0-30,53,16,神奈川県藤沢市遠藤,2024/02/01,,,4,,切り出し,184.00,20,未加工,取引済み
0-55,54,16,神奈川県藤沢市遠藤,2024/02/02,,,4,,切り出し,197.00,18,未加工,取引済み
1-25,55,16,神奈川県藤沢市遠藤,2024/02/03,,,4,,切り出し,206.00,18,未加工,取引済み
1-45,56,16,神奈川県藤沢市遠藤,2024/02/04,,,4,,切り出し,182.00,20,未加工,取引済み
2-21,57,16,神奈川県藤沢市遠藤,2024/02/09,,,4,,切り出し,218.00,19,未加工,取引済み
2-31,58,16,神奈川県藤沢市遠藤,2024/02/08,,,4,,切り出し,180.00,19,未加工,取引済み
2-33,59,16,神奈川県藤沢市遠藤,2024/02/08,,,4,,切り出し,175.00,20,未加工,取引済み
2-57,60,16,神奈川県藤沢市遠藤,2024/02/02,,,4,,切り出し,185.00,19,未加工,取引済み
3-2,61,16,神奈川県藤沢市遠藤,2024/02/04,,,4,,切り出し,196.00,20,未加工,取引済み
3-7,62,16,神奈川県藤沢市遠藤,2024/02/06,,,4,,切り出し,211.00,20,未加工,取引済み
3-51,63,16,神奈川県藤沢市遠藤,2024/02/10,,,4,,切り出し,180.00,20,未加工,取引済み
3-56,64,16,神奈川県藤沢市遠藤,2024/02/10,,,4,,切り出し,226.00,19,未加工,取引済み
0-9,65,17,神奈川県藤沢市遠藤,2024/02/02,,,5,,切り出し,408.00,20,未加工,取引済み
0-25,66,17,神奈川県藤沢市遠藤,2024/02/06,,,5,,切り出し,332.00,18,未加工,取引済み
1-7,67,17,神奈川県藤沢市遠藤,2024/02/09,,,5,,切り出し,317.00,20,未加工,取引済み
1-43,68,17,神奈川県藤沢市遠藤,2024/02/02,,,5,,切り出し,320.00,18,未加工,取引済み
2-8,69,17,神奈川県藤沢市遠藤,2024/02/02,,,5,,切り出し,376.00,19,未加工,取引済み
3-12,70,17,神奈川県藤沢市遠藤,2024/02/06,,,5,,切り出し,405.00,18,未加工,取引済み
3-25,71,17,神奈川県藤沢市遠藤,2024/02/07,,,5,,切り出し,331.00,19,未加工,取引済み
3-37,72,17,神奈川県藤沢市遠藤,2024/02/05,,,5,,切り出し,395.00,19,未加工,取引済み
0-63,73,17,神奈川県藤沢市遠藤,2024/02/10,,,6,,切り出し,455.00,19,未加工,取引済み
1-48,74,17,神奈川県藤沢市遠藤,2024/02/06,,,6,,切り出し,429.00,20,未加工,取引済み
2-1,75,17,神奈川県藤沢市遠藤,2024/02/09,,,6,,切り出し,420.00,20,未加工,取引済み
2-46,76,17,神奈川県藤沢市遠藤,2024/02/04,,,6,,切り出し,547.00,19,未加工,取引済み
2-49,77,17,神奈川県藤沢市遠藤,2024/02/10,,,6,,切り出し,423.00,18,未加工,取引済み
3-11,78,17,神奈川県藤沢市遠藤,2024/02/03,,,6,,切り出し,431.00,18,未加工,取引済み
3-39,79,17,神奈川県藤沢市遠藤,2024/02/04,,,6,,切り出し,547.00,20,未加工,取引済み
0-18,80,17,神奈川県藤沢市遠藤,2024/02/01,,,7,,切り出し,313.00,20,未加工,取引済み
0-52,81,17,神奈川県藤沢市遠藤,2024/02/09,,,7,,切り出し,291.00,20,未加工,取引済み
1-3,82,17,神奈川県藤沢市遠藤,2024/02/04,,,7,,切り出し,349.00,19,未加工,取引済み
1-18,83,17,神奈川県藤沢市遠藤,2024/02/10,,,7,,切り出し,281.00,19,未加工,取引済み
2-3,84,17,神奈川県藤沢市遠藤,2024/02/05,,,7,,切り出し,341.00,20,未加工,取引済み
2-16,85,17,神奈川県藤沢市遠藤,2024/02/07,,,7,,切り出し,295.00,18,未加工,取引済み
2-34,86,17,神奈川県藤沢市遠藤,2024/02/08,,,7,,切り出し,362.00,20,未加工,取引済み
3-35,87,17,神奈川県藤沢市遠藤,2024/02/10,,,7,,切り出し,362.00,20,未加工,取引済み
3-41,88,17,神奈川県藤沢市遠藤,2024/02/05,,,7,,切り出し,333.00,19,未加工,取引済み
0-31,89,17,神奈川県藤沢市遠藤,2024/02/01,,,8,,切り出し,587.00,18,未加工,取引済み
0-35,90,17,神奈川県藤沢市遠藤,2024/02/07,,,8,,切り出し,473.00,18,未加工,取引済み
1-4,91,17,神奈川県藤沢市遠藤,2024/02/03,,,8,,切り出し,510.00,18,未加工,取引済み
1-21,92,17,神奈川県藤沢市遠藤,2024/02/02,,,8,,切り出し,608.00,18,未加工,取引済み
1-34,93,17,神奈川県藤沢市遠藤,2024/02/05,,,8,,切り出し,449.00,18,未加工,取引済み
2-47,94,17,神奈川県藤沢市遠藤,2024/02/08,,,8,,切り出し,548.00,20,未加工,取引済み
3-21,95,17,神奈川県藤沢市遠藤,2024/02/10,,,8,,切り出し,574.00,20,未加工,取引済み
0-6,96,16,神奈川県藤沢市遠藤,2024/02/09,,,9,,切り出し,331.00,20,未加工,取引済み
0-64,97,16,神奈川県藤沢市遠藤,2024/02/03,,,9,,切り出し,353.00,19,未加工,取引済み
1-32,98,16,神奈川県藤沢市遠藤,2024/02/09,,,9,,切り出し,387.00,18,未加工,取引済み
1-36,99,16,神奈川県藤沢市遠藤,2024/02/10,,,9,,切り出し,321.00,20,未加工,取引済み
2-5,100,16,神奈川県藤沢市遠藤,2024/02/05,,,9,,切り出し,423.00,18,未加工,取引済み
2-28,101,16,神奈川県藤沢市遠藤,2024/02/08,,,9,,切り出し,351.00,20,未加工,取引済み
2-50,102,16,神奈川県藤沢市遠藤,2024/02/08,,,9,,切り出し,318.00,18,未加工,取引済み
2-52,103,16,神奈川県藤沢市遠藤,2024/02/01,,,9,,切り出し,399.00,18,未加工,取引済み
3-1,104,16,神奈川県藤沢市遠藤,2024/02/04,,,9,,切り出し,415.00,19,未加工,取引済み
0-2,105,16,神奈川県藤沢市遠藤,2024/02/08,,,10,,切り出し,272.00,18,未加工,取引済み
0-40,106,16,神奈川県藤沢市遠藤,2024/02/02,,,10,,切り出し,251.00,19,未加工,取引済み
0-44,107,16,神奈川県藤沢市遠藤,2024/02/02,,,10,,切り出し,277.00,18,未加工,取引済み
0-54,108,16,神奈川県藤沢市遠藤,2024/02/07,,,10,,切り出し,222.00,19,未加工,取引済み
2-4,109,16,神奈川県藤沢市遠藤,2024/02/10,,,10,,切り出し,286.00,20,未加工,取引済み
2-23,110,16,神奈川県藤沢市遠藤,2024/02/05,,,10,,切り出し,259.00,18,未加工,取引済み
2-26,111,16,神奈川県藤沢市遠藤,2024/02/02,,,10,,切り出し,259.00,20,未加工,取引済み
2-43,112,16,神奈川県藤沢市遠藤,2024/02/08,,,10,,切り出し,286.00,19,未加工,取引済み
3-17,113,16,神奈川県藤沢市遠藤,2024/02/07,,,10,,切り出し,281.00,19,未加工,取引済み
3-19,114,16,神奈川県藤沢市遠藤,2024/02/06,,,10,,切り出し,283.00,20,未加工,取引済み
3-26,115,16,神奈川県藤沢市遠藤,2024/02/01,,,10,,切り出し,232.00,20,未加工,取引済み
3-40,116,16,神奈川県藤沢市遠藤,2024/02/06,,,10,,切り出し,233.00,20,未加工,取引済み
0-1,117,17,神奈川県藤沢市遠藤,2024/02/05,,,11,,切り出し,399.00,20,未加工,取引済み
0-3,118,17,神奈川県藤沢市遠藤,2024/02/05,,,11,,切り出し,427.00,20,未加工,取引済み
0-10,119,17,神奈川県藤沢市遠藤,2024/02/01,,,11,,切り出し,374.00,18,未加工,取引済み
0-39,120,17,神奈川県藤沢市遠藤,2024/02/09,,,11,,切り出し,430.00,19,未加工,取引済み
1-40,121,17,神奈川県藤沢市遠藤,2024/02/07,,,11,,切り出し,335.00,19,未加工,取引済み
2-15,122,17,神奈川県藤沢市遠藤,2024/02/10,,,11,,切り出し,405.00,20,未加工,取引済み
2-36,123,17,神奈川県藤沢市遠藤,2024/02/01,,,11,,切り出し,383.00,19,未加工,取引済み
3-38,124,17,神奈川県藤沢市遠藤,2024/02/03,,,11,,切り出し,355.00,19,未加工,取引済み
3-45,125,17,神奈川県藤沢市遠藤,2024/02/10,,,11,,切り出し,325.00,19,未加工,取引済み
0-8,126,17,神奈川県藤沢市遠藤,2024/02/02,,,12,,切り出し,282.00,19,未加工,取引済み
0-38,127,17,神奈川県藤沢市遠藤,2024/02/03,,,12,,切り出し,309.00,20,未加工,取引済み
0-57,128,17,神奈川県藤沢市遠藤,2024/02/02,,,12,,切り出し,266.00,19,未加工,取引済み
1-9,129,17,神奈川県藤沢市遠藤,2024/02/10,,,12,,切り出し,289.00,19,未加工,取引済み
1-35,130,17,神奈川県藤沢市遠藤,2024/02/10,,,12,,切り出し,234.00,19,未加工,取引済み
2-7,131,17,神奈川県藤沢市遠藤,2024/02/05,,,12,,切り出し,293.00,18,未加工,取引済み
2-10,132,17,神奈川県藤沢市遠藤,2024/02/06,,,12,,切り出し,246.00,20,未加工,取引済み
2-39,133,17,神奈川県藤沢市遠藤,2024/02/03,,,12,,切り出し,309.00,19,未加工,取引済み
2-51,134,17,神奈川県藤沢市遠藤,2024/02/02,,,12,,切り出し,241.00,18,未加工,取引済み
2-55,135,17,神奈川県藤沢市遠藤,2024/02/01,,,12,,切り出し,302.00,18,未加工,取引済み
3-5,136,17,神奈川県藤沢市遠藤,2024/02/05,,,12,,切り出し,301.00,20,未加工,取引済み
3-9,137,17,神奈川県藤沢市遠藤,2024/02/10,,,12,,切り出し,231.00,20,未加工,取引済み
3-23,138,17,神奈川県藤沢市遠藤,2024/02/04,,,12,,切り出し,275.00,20,未加工,取引済み
0-48,139,17,神奈川県藤沢市遠藤,2024/02/02,,,13,,切り出し,415.00,18,未加工,取引済み
0-49,140,17,神奈川県藤沢市遠藤,2024/02/07,,,13,,切り出し,451.00,19,未加工,取引済み
1-17,141,17,神奈川県藤沢市遠藤,2024/02/07,,,13,,切り出し,401.00,20,未加工,取引済み
1-47,142,17,神奈川県藤沢市遠藤,2024/02/10,,,13,,切り出し,456.00,19,未加工,取引済み
1-49,143,17,神奈川県藤沢市遠藤,2024/02/01,,,13,,切り出し,479.00,20,未加工,取引済み
3-49,144,17,神奈川県藤沢市遠藤,2024/02/02,,,13,,切り出し,405.00,20,未加工,取引済み
3-53,145,17,神奈川県藤沢市遠藤,2024/02/01,,,13,,切り出し,446.00,18,未加工,取引済み
0-5,146,17,神奈川県藤沢市遠藤,2024/02/05,,,14,,切り出し,318.00,18,未加工,取引済み
0-13,147,17,神奈川県藤沢市遠藤,2024/02/07,,,14,,切り出し,266.00,18,未加工,取引済み
1-2,148,17,神奈川県藤沢市遠藤,2024/02/05,,,14,,切り出し,320.00,20,未加工,取引済み
1-38,149,17,神奈川県藤沢市遠藤,2024/02/02,,,14,,切り出し,280.00,18,未加工,取引済み
2-2,150,17,神奈川県藤沢市遠藤,2024/02/10,,,14,,切り出し,313.00,20,未加工,取引済み
2-14,151,17,神奈川県藤沢市遠藤,2024/02/05,,,14,,切り出し,282.00,20,未加工,取引済み
2-18,152,17,神奈川県藤沢市遠藤,2024/02/07,,,14,,切り出し,332.00,20,未加工,取引済み
2-19,153,17,神奈川県藤沢市遠藤,2024/02/08,,,14,,切り出し,299.00,18,未加工,取引済み
2-35,154,17,神奈川県藤沢市遠藤,2024/02/06,,,14,,切り出し,327.00,18,未加工,取引済み
2-53,155,17,神奈川県藤沢市遠藤,2024/02/03,,,14,,切り出し,266.00,19,未加工,取引済み
3-22,156,17,神奈川県藤沢市遠藤,2024/02/02,,,14,,切り出し,314.00,19,未加工,取引済み
0-17,157,16,神奈川県藤沢市遠藤,2024/02/05,,,15,,切り出し,697.00,18,未加工,取引済み
1-16,158,16,神奈川県藤沢市遠藤,2024/02/08,,,15,,切り出し,679.00,18,未加工,取引済み
1-42,159,16,神奈川県藤沢市遠藤,2024/02/02,,,15,,切り出し,689.00,19,未加工,取引済み
3-55,160,16,神奈川県藤沢市遠藤,2024/02/10,,,15,,切り出し,646.00,20,未加工,取引済み
3-57,161,16,神奈川県藤沢市遠藤,2024/02/06,,,15,,切り出し,694.00,20,未加工,取引済み
0-45,162,17,神奈川県藤沢市遠藤,2024/02/09,,,16,,切り出し,682.00,20,未加工,取引済み
1-22,163,17,神奈川県藤沢市遠藤,2024/02/05,,,16,,切り出し,576.00,18,未加工,取引済み
1-30,164,17,神奈川県藤沢市遠藤,2024/02/06,,,16,,切り出し,665.00,20,未加工,取引済み
3-6,165,17,神奈川県藤沢市遠藤,2024/02/03,,,16,,切り出し,726.00,19,未加工,取引済み
3-16,166,17,神奈川県藤沢市遠藤,2024/02/07,,,16,,切り出し,704.00,20,未加工,取引済み
0-11,167,17,神奈川県藤沢市遠藤,2024/02/07,,,17,,切り出し,218.00,18,未加工,取引済み
0-21,168,17,神奈川県藤沢市遠藤,2024/02/09,,,17,,切り出し,236.00,19,未加工,取引済み
0-24,169,17,神奈川県藤沢市遠藤,2024/02/08,,,17,,切り出し,232.00,20,未加工,取引済み
0-42,170,17,神奈川県藤沢市遠藤,2024/02/10,,,17,,切り出し,252.00,18,未加工,取引済み
1-27,171,17,神奈川県藤沢市遠藤,2024/02/01,,,17,,切り出し,224.00,18,未加工,取引済み
2-9,172,17,神奈川県藤沢市遠藤,2024/02/01,,,17,,切り出し,262.00,18,未加工,取引済み
2-12,173,17,神奈川県藤沢市遠藤,2024/02/08,,,17,,切り出し,219.00,19,未加工,取引済み
2-20,174,17,神奈川県藤沢市遠藤,2024/02/05,,,17,,切り出し,261.00,18,未加工,取引済み
2-42,175,17,神奈川県藤沢市遠藤,2024/02/09,,,17,,切り出し,241.00,20,未加工,取引済み
3-0,176,17,神奈川県藤沢市遠藤,2024/02/05,,,17,,切り出し,259.00,19,未加工,取引済み
3-30,177,17,神奈川県藤沢市遠藤,2024/02/05,,,17,,切り出し,248.00,19,未加工,取引済み
3-52,178,17,神奈川県藤沢市遠藤,2024/02/08,,,17,,切り出し,238.00,19,未加工,取引済み
0-23,179,15,神奈川県藤沢市遠藤,2024/02/04,,,18,,切り出し,613.00,20,未加工,取引済み
1-12,180,15,神奈川県藤沢市遠藤,2024/02/03,,,18,,切り出し,505.00,18,未加工,取引済み
1-20,181,15,神奈川県藤沢市遠藤,2024/02/02,,,18,,切り出し,583.00,20,未加工,取引済み
1-28,182,15,神奈川県藤沢市遠藤,2024/02/10,,,18,,切り出し,621.00,18,未加工,取引済み
1-37,183,15,神奈川県藤沢市遠藤,2024/02/03,,,18,,切り出し,617.00,20,未加工,取引済み
3-36,184,15,神奈川県藤沢市遠藤,2024/02/02,,,18,,切り出し,635.00,18,未加工,取引済み
3-48,185,15,神奈川県藤沢市遠藤,2024/02/07,,,18,,切り出し,511.00,18,未加工,取引済み
0-19,186,17,神奈川県藤沢市遠藤,2024/02/07,,,19,,切り出し,251.00,18,未加工,取引済み
0-27,187,17,神奈川県藤沢市遠藤,2024/02/05,,,19,,切り出し,271.00,18,未加工,取引済み
0-32,188,17,神奈川県藤沢市遠藤,2024/02/01,,,19,,切り出し,280.00,20,未加工,取引済み
1-1,189,17,神奈川県藤沢市遠藤,2024/02/01,,,19,,切り出し,246.00,18,未加工,取引済み
1-8,190,17,神奈川県藤沢市遠藤,2024/02/02,,,19,,切り出し,278.00,18,未加工,取引済み
1-14,191,17,神奈川県藤沢市遠藤,2024/02/09,,,19,,切り出し,258.00,18,未加工,取引済み
1-41,192,17,神奈川県藤沢市遠藤,2024/02/02,,,19,,切り出し,253.00,20,未加工,取引済み
1-50,193,17,神奈川県藤沢市遠藤,2024/02/03,,,19,,切り出し,284.00,19,未加工,取引済み
2-13,194,17,神奈川県藤沢市遠藤,2024/02/02,,,19,,切り出し,286.00,19,未加工,取引済み
2-25,195,17,神奈川県藤沢市遠藤,2024/02/01,,,19,,切り出し,236.00,20,未加工,取引済み
3-14,196,17,神奈川県藤沢市遠藤,2024/02/04,,,19,,切り出し,306.00,20,未加工,取引済み
3-32,197,17,神奈川県藤沢市遠藤,2024/02/09,,,19,,切り出し,268.00,18,未加工,取引済み
0-7,198,17,神奈川県藤沢市遠藤,2024/02/03,,,20,,切り出し,317.00,19,未加工,取引済み
0-12,199,17,神奈川県藤沢市遠藤,2024/02/01,,,20,,切り出し,326.00,20,未加工,取引済み
0-14,200,17,神奈川県藤沢市遠藤,2024/02/08,,,20,,切り出し,345.00,19,未加工,取引済み
0-53,201,17,神奈川県藤沢市遠藤,2024/02/02,,,20,,切り出し,330.00,19,未加工,取引済み
1-11,202,17,神奈川県藤沢市遠藤,2024/02/09,,,20,,切り出し,365.00,20,未加工,取引済み
1-29,203,17,神奈川県藤沢市遠藤,2024/02/07,,,20,,切り出し,318.00,18,未加工,取引済み
1-51,204,17,神奈川県藤沢市遠藤,2024/02/06,,,20,,切り出し,336.00,18,未加工,取引済み
2-22,205,17,神奈川県藤沢市遠藤,2024/02/04,,,20,,切り出し,323.00,19,未加工,取引済み
2-29,206,17,神奈川県藤沢市遠藤,2024/02/09,,,20,,切り出し,336.00,18,未加工,取引済み
2-40,207,17,神奈川県藤沢市遠藤,2024/02/04,,,20,,切り出し,337.00,18,未加工,取引済み
3-10,208,17,神奈川県藤沢市遠藤,2024/02/07,,,20,,切り出し,360.00,19,未加工,取引済み
0-20,209,16,神奈川県藤沢市遠藤,2024/02/06,,,21,,切り出し,345.00,20,未加工,取引済み
0-29,210,16,神奈川県藤沢市遠藤,2024/02/03,,,21,,切り出し,346.00,20,未加工,取引済み
0-36,211,16,神奈川県藤沢市遠藤,2024/02/04,,,21,,切り出し,331.00,19,未加工,取引済み
0-37,212,16,神奈川県藤沢市遠藤,2024/02/01,,,21,,切り出し,306.00,20,未加工,取引済み
0-41,213,16,神奈川県藤沢市遠藤,2024/02/10,,,21,,切り出し,351.00,18,未加工,取引済み
2-0,214,16,神奈川県藤沢市遠藤,2024/02/10,,,21,,切り出し,385.00,19,未加工,取引済み
3-13,215,16,神奈川県藤沢市遠藤,2024/02/08,,,21,,切り出し,319.00,19,未加工,取引済み
3-46,216,16,神奈川県藤沢市遠藤,2024/02/05,,,21,,切り出し,293.00,19,未加工,取引済み
1-23,217,17,神奈川県藤沢市遠藤,2024/02/02,,,22,,切り出し,207.00,20,未加工,取引済み
2-11,218,17,神奈川県藤沢市遠藤,2024/02/09,,,22,,切り出し,219.00,18,未加工,取引済み
2-30,219,17,神奈川県藤沢市遠藤,2024/02/02,,,22,,切り出し,216.00,19,未加工,取引済み
2-37,220,17,神奈川県藤沢市遠藤,2024/02/09,,,22,,切り出し,205.00,19,未加工,取引済み
2-41,221,17,神奈川県藤沢市遠藤,2024/02/01,,,22,,切り出し,188.00,18,未加工,取引済み
2-54,222,17,神奈川県藤沢市遠藤,2024/02/08,,,22,,切り出し,184.00,20,未加工,取引済み
3-3,223,17,神奈川県藤沢市遠藤,2024/02/01,,,22,,切り出し,194.00,19,未加工,取引済み
3-20,224,17,神奈川県藤沢市遠藤,2024/02/09,,,22,,切り出し,196.00,20,未加工,取引済み
3-28,225,17,神奈川県藤沢市遠藤,2024/02/01,,,22,,切り出し,169.00,20,未加工,取引済み
3-29,226,17,神奈川県藤沢市遠藤,2024/02/06,,,22,,切り出し,186.00,19,未加工,取引済み
3-31,227,17,神奈川県藤沢市遠藤,2024/02/07,,,22,,切り出し,208.00,19,未加工,取引済み
3-33,228,17,神奈川県藤沢市遠藤,2024/02/08,,,22,,切り出し,182.00,19,未加工,取引済み
3-47,229,17,神奈川県藤沢市遠藤,2024/02/01,,,22,,切り出し,177.00,19,未加工,取引済み
3-50,230,17,神奈川県藤沢市遠藤,2024/02/08,,,22,,切り出し,189.00,19,未加工,取引済み
3-54,231,17,神奈川県藤沢市遠藤,2024/02/02,,,22,,切り出し,178.00,20,未加工,取引済み
0-0,232,17,神奈川県藤沢市遠藤,2024/02/10,,,23,,切り出し,404.00,19,未加工,取引済み
0-4,233,17,神奈川県藤沢市遠藤,2024/02/07,,,23,,切り出し,495.00,18,未加工,取引済み
0-46,234,17,神奈川県藤沢市遠藤,2024/02/05,,,23,,切り出し,432.00,19,未加工,取引済み
1-24,235,17,神奈川県藤沢市遠藤,2024/02/05,,,23,,切り出し,492.00,20,未加工,取引済み
2-45,236,17,神奈川県藤沢市遠藤,2024/02/02,,,23,,切り出し,436.00,18,未加工,取引済み
3-24,237,17,神奈川県藤沢市遠藤,2024/02/03,,,23,,切り出し,425.00,20,未加工,取引済み
0-59,238,15,神奈川県藤沢市遠藤,2024/02/03,,,24,,切り出し,"1,198.00",20,未加工,取引済み
2-56,239,15,神奈川県藤沢市遠藤,2024/02/07,,,24,,切り出し,"1,272.00",20,未加工,取引済み
0-43,240,16,神奈川県藤沢市遠藤,2024/02/06,,,25,,切り出し,411.00,20,未加工,取引済み
0-47,241,16,神奈川県藤沢市遠藤,2024/02/02,,,25,,切り出し,416.00,19,未加工,取引済み
0-61,242,16,神奈川県藤沢市遠藤,2024/02/02,,,25,,切り出し,392.00,19,未加工,取引済み
1-26,243,16,神奈川県藤沢市遠藤,2024/02/01,,,25,,切り出し,470.00,20,未加工,取引済み
2-24,244,16,神奈川県藤沢市遠藤,2024/02/06,,,25,,切り出し,433.00,20,未加工,取引済み
3-8,245,16,神奈川県藤沢市遠藤,2024/02/07,,,25,,切り出し,419.00,19,未加工,取引済み
3-15,246,16,神奈川県藤沢市遠藤,2024/02/06,,,25,,切り出し,462.00,19,未加工,取引済み
3-34,247,16,神奈川県藤沢市遠藤,2024/02/08,,,25,,切り出し,497.00,18,未加工,取引済み
0-26,248,16,神奈川県藤沢市遠藤,2024/02/02,,,26,,切り出し,"1,301.00",18,未加工,取引済み
0-33,249,16,神奈川県藤沢市遠藤,2024/02/05,,,26,,切り出し,"1,185.00",19,未加工,取引済み
3-44,250,16,神奈川県藤沢市遠藤,2024/02/07,,,26,,切り出し,"1,468.00",18,未加工,取引済み
0-34,251,15,神奈川県藤沢市遠藤,2024/02/02,,,27,,切り出し,373.00,19,未加工,取引済み
0-62,252,15,神奈川県藤沢市遠藤,2024/02/01,,,27,,切り出し,463.00,19,未加工,取引済み
1-5,253,15,神奈川県藤沢市遠藤,2024/02/04,,,27,,切り出し,384.00,19,未加工,取引済み
1-33,254,15,神奈川県藤沢市遠藤,2024/02/07,,,27,,切り出し,371.00,18,未加工,取引済み
1-39,255,15,神奈川県藤沢市遠藤,2024/02/09,,,27,,切り出し,392.00,20,未加工,取引済み
3-18,256,15,神奈川県藤沢市遠藤,2024/02/05,,,27,,切り出し,445.00,20,未加工,取引済み
3-27,257,15,神奈川県藤沢市遠藤,2024/02/05,,,27,,切り出し,424.00,18,未加工,取引済み
0-51,258,16,神奈川県藤沢市遠藤,2024/02/05,,,28,,切り出し,749.00,18,未加工,取引済み
1-10,259,16,神奈川県藤沢市遠藤,2024/02/01,,,28,,切り出し,783.00,18,未加工,取引済み
2-32,260,16,神奈川県藤沢市遠藤,2024/02/01,,,28,,切り出し,845.00,19,未加工,取引済み
3-4,261,16,神奈川県藤沢市遠藤,2024/02/06,,,28,,切り出し,697.00,20,未加工,取引済み
0-2,262,18,神奈川県藤沢市遠藤,2024/02/19,,,105,,ラミナ加工,335.00,21,未加工,取引済み
0-4,263,18,神奈川県藤沢市遠藤,2024/02/13,,,233,,ラミナ加工,603.00,21,未加工,取引済み
0-5,264,18,神奈川県藤沢市遠藤,2024/02/14,,,146,,ラミナ加工,452.00,21,未加工,取引済み
0-10,265,18,神奈川県藤沢市遠藤,2024/02/17,,,119,,ラミナ加工,543.00,21,未加工,取引済み
0-11,266,18,神奈川県藤沢市遠藤,2024/02/11,,,167,,ラミナ加工,247.00,21,未加工,取引済み
0-13,267,18,神奈川県藤沢市遠藤,2024/02/13,,,147,,ラミナ加工,294.00,21,未加工,取引済み
0-15,268,18,神奈川県藤沢市遠藤,2024/02/18,,,51,,ラミナ加工,284.00,21,未加工,取引済み
0-17,269,18,神奈川県藤沢市遠藤,2024/02/13,,,157,,ラミナ加工,913.00,21,未加工,取引済み
0-19,270,18,神奈川県藤沢市遠藤,2024/02/13,,,186,,ラミナ加工,361.00,21,未加工,取引済み
0-25,271,18,神奈川県藤沢市遠藤,2024/02/13,,,66,,ラミナ加工,485.00,21,未加工,取引済み
0-26,272,18,神奈川県藤沢市遠藤,2024/02/14,,,248,,ラミナ加工,"1,524.00",21,未加工,取引済み
0-27,273,18,神奈川県藤沢市遠藤,2024/02/18,,,187,,ラミナ加工,338.00,21,未加工,取引済み
0-31,274,18,神奈川県藤沢市遠藤,2024/02/15,,,89,,ラミナ加工,734.00,21,未加工,取引済み
0-35,275,18,神奈川県藤沢市遠藤,2024/02/12,,,90,,ラミナ加工,594.00,21,未加工,取引済み
0-41,276,18,神奈川県藤沢市遠藤,2024/02/13,,,213,,ラミナ加工,501.00,21,未加工,取引済み
0-42,277,18,神奈川県藤沢市遠藤,2024/02/20,,,170,,ラミナ加工,360.00,21,未加工,取引済み
0-44,278,18,神奈川県藤沢市遠藤,2024/02/15,,,107,,ラミナ加工,321.00,21,未加工,取引済み
0-48,279,18,神奈川県藤沢市遠藤,2024/02/13,,,139,,ラミナ加工,522.00,21,未加工,取引済み
0-51,280,18,神奈川県藤沢市遠藤,2024/02/20,,,258,,ラミナ加工,831.00,21,未加工,取引済み
0-55,281,18,神奈川県藤沢市遠藤,2024/02/13,,,54,,ラミナ加工,275.00,21,未加工,取引済み
0-60,282,18,神奈川県藤沢市遠藤,2024/02/15,,,37,,ラミナ加工,469.00,21,未加工,取引済み
1-1,283,18,神奈川県藤沢市遠藤,2024/02/15,,,189,,ラミナ加工,356.00,22,未加工,取引済み
1-4,284,18,神奈川県藤沢市遠藤,2024/02/15,,,91,,ラミナ加工,677.00,22,未加工,取引済み
1-8,285,18,神奈川県藤沢市遠藤,2024/02/14,,,190,,ラミナ加工,338.00,22,未加工,取引済み
1-10,286,18,神奈川県藤沢市遠藤,2024/02/16,,,259,,ラミナ加工,965.00,22,未加工,取引済み
1-12,287,18,神奈川県藤沢市遠藤,2024/02/11,,,180,,ラミナ加工,653.00,22,未加工,取引済み
1-13,288,18,神奈川県藤沢市遠藤,2024/02/16,,,46,,ラミナ加工,540.00,22,未加工,取引済み
1-14,289,18,神奈川県藤沢市遠藤,2024/02/20,,,191,,ラミナ加工,355.00,22,未加工,取引済み
1-16,290,18,神奈川県藤沢市遠藤,2024/02/20,,,158,,ラミナ加工,931.00,22,未加工,取引済み
1-21,291,18,神奈川県藤沢市遠藤,2024/02/18,,,92,,ラミナ加工,799.00,22,未加工,取引済み
1-22,292,18,神奈川県藤沢市遠藤,2024/02/15,,,163,,ラミナ加工,760.00,22,未加工,取引済み
1-25,293,18,神奈川県藤沢市遠藤,2024/02/16,,,55,,ラミナ加工,279.00,22,未加工,取引済み
1-27,294,18,神奈川県藤沢市遠藤,2024/02/12,,,171,,ラミナ加工,302.00,22,未加工,取引済み
1-28,295,18,神奈川県藤沢市遠藤,2024/02/19,,,182,,ラミナ加工,852.00,22,未加工,取引済み
1-29,296,18,神奈川県藤沢市遠藤,2024/02/18,,,203,,ラミナ加工,403.00,22,未加工,取引済み
1-32,297,18,神奈川県藤沢市遠藤,2024/02/12,,,98,,ラミナ加工,457.00,22,未加工,取引済み
1-33,298,18,神奈川県藤沢市遠藤,2024/02/14,,,254,,ラミナ加工,461.00,22,未加工,取引済み
1-34,299,18,神奈川県藤沢市遠藤,2024/02/14,,,93,,ラミナ加工,517.00,22,未加工,取引済み
1-38,300,18,神奈川県藤沢市遠藤,2024/02/14,,,149,,ラミナ加工,339.00,22,未加工,取引済み
1-43,301,18,神奈川県藤沢市遠藤,2024/02/17,,,68,,ラミナ加工,449.00,22,未加工,取引済み
1-51,302,18,神奈川県藤沢市遠藤,2024/02/16,,,204,,ラミナ加工,381.00,22,未加工,取引済み
2-5,303,18,神奈川県藤沢市遠藤,2024/02/17,,,100,,ラミナ加工,548.00,23,未加工,取引済み
2-7,304,18,神奈川県藤沢市遠藤,2024/02/16,,,131,,ラミナ加工,419.00,23,未加工,取引済み
2-9,305,18,神奈川県藤沢市遠藤,2024/02/11,,,172,,ラミナ加工,366.00,23,未加工,取引済み
2-11,306,18,神奈川県藤沢市遠藤,2024/02/20,,,218,,ラミナ加工,291.00,23,未加工,取引済み
2-16,307,18,神奈川県藤沢市遠藤,2024/02/17,,,85,,ラミナ加工,428.00,23,未加工,取引済み
2-19,308,18,神奈川県藤沢市遠藤,2024/02/14,,,153,,ラミナ加工,330.00,23,未加工,取引済み
2-20,309,18,神奈川県藤沢市遠藤,2024/02/16,,,174,,ラミナ加工,379.00,23,未加工,取引済み
2-23,310,18,神奈川県藤沢市遠藤,2024/02/11,,,110,,ラミナ加工,352.00,23,未加工,取引済み
2-29,311,18,神奈川県藤沢市遠藤,2024/02/13,,,206,,ラミナ加工,387.00,23,未加工,取引済み
2-35,312,18,神奈川県藤沢市遠藤,2024/02/11,,,154,,ラミナ加工,462.00,23,未加工,取引済み
2-38,313,18,神奈川県藤沢市遠藤,2024/02/17,,,49,,ラミナ加工,734.00,23,未加工,取引済み
2-40,314,18,神奈川県藤沢市遠藤,2024/02/15,,,207,,ラミナ加工,422.00,23,未加工,取引済み
2-41,315,18,神奈川県藤沢市遠藤,2024/02/12,,,221,,ラミナ加工,261.00,23,未加工,取引済み
2-45,316,18,神奈川県藤沢市遠藤,2024/02/13,,,236,,ラミナ加工,614.00,23,未加工,取引済み
2-49,317,18,神奈川県藤沢市遠藤,2024/02/16,,,77,,ラミナ加工,620.00,23,未加工,取引済み
2-50,318,18,神奈川県藤沢市遠藤,2024/02/13,,,102,,ラミナ加工,402.00,23,未加工,取引済み
2-51,319,18,神奈川県藤沢市遠藤,2024/02/20,,,134,,ラミナ加工,280.00,23,未加工,取引済み
2-52,320,18,神奈川県藤沢市遠藤,2024/02/19,,,103,,ラミナ加工,578.00,23,未加工,取引済み
2-55,321,18,神奈川県藤沢市遠藤,2024/02/16,,,135,,ラミナ加工,385.00,23,未加工,取引済み
3-11,322,18,神奈川県藤沢市遠藤,2024/02/17,,,78,,ラミナ加工,555.00,24,未加工,取引済み
3-12,323,18,神奈川県藤沢市遠藤,2024/02/14,,,70,,ラミナ加工,490.00,24,未加工,取引済み
3-27,324,18,神奈川県藤沢市遠藤,2024/02/17,,,257,,ラミナ加工,546.00,24,未加工,取引済み
3-32,325,18,神奈川県藤沢市遠藤,2024/02/13,,,197,,ラミナ加工,395.00,24,未加工,取引済み
3-34,326,18,神奈川県藤沢市遠藤,2024/02/13,,,247,,ラミナ加工,582.00,24,未加工,取引済み
3-36,327,18,神奈川県藤沢市遠藤,2024/02/16,,,184,,ラミナ加工,938.00,24,未加工,取引済み
3-43,328,18,神奈川県藤沢市遠藤,2024/02/12,,,42,,ラミナ加工,423.00,24,未加工,取引済み
3-44,329,18,神奈川県藤沢市遠藤,2024/02/17,,,250,,ラミナ加工,"1,791.00",24,未加工,取引済み
3-48,330,18,神奈川県藤沢市遠藤,2024/02/17,,,185,,ラミナ加工,597.00,24,未加工,取引済み
3-53,331,18,神奈川県藤沢市遠藤,2024/02/14,,,145,,ラミナ加工,652.00,24,未加工,取引済み
0-0,332,19,神奈川県藤沢市遠藤,2024/02/12,,,232,,ラミナ加工,567.00,21,未加工,取引済み
0-7,333,19,神奈川県藤沢市遠藤,2024/02/14,,,198,,ラミナ加工,449.00,21,未加工,取引済み
0-8,334,19,神奈川県藤沢市遠藤,2024/02/14,,,126,,ラミナ加工,349.00,21,未加工,取引済み
0-14,335,19,神奈川県藤沢市遠藤,2024/02/14,,,200,,ラミナ加工,497.00,21,未加工,取引済み
0-16,336,19,神奈川県藤沢市遠藤,2024/02/16,,,35,,ラミナ加工,464.00,21,未加工,取引済み
0-21,337,19,神奈川県藤沢市遠藤,2024/02/17,,,168,,ラミナ加工,324.00,21,未加工,取引済み
0-28,338,19,神奈川県藤沢市遠藤,2024/02/13,,,52,,ラミナ加工,222.00,21,未加工,取引済み
0-33,339,19,神奈川県藤沢市遠藤,2024/02/20,,,249,,ラミナ加工,"1,583.00",21,未加工,取引済み
0-34,340,19,神奈川県藤沢市遠藤,2024/02/13,,,251,,ラミナ加工,417.00,21,未加工,取引済み
0-36,341,19,神奈川県藤沢市遠藤,2024/02/11,,,211,,ラミナ加工,379.00,21,未加工,取引済み
0-39,342,19,神奈川県藤沢市遠藤,2024/02/16,,,120,,ラミナ加工,574.00,21,未加工,取引済み
0-40,343,19,神奈川県藤沢市遠藤,2024/02/13,,,106,,ラミナ加工,374.00,21,未加工,取引済み
0-46,344,19,神奈川県藤沢市遠藤,2024/02/17,,,234,,ラミナ加工,523.00,21,未加工,取引済み
0-47,345,19,神奈川県藤沢市遠藤,2024/02/18,,,241,,ラミナ加工,558.00,21,未加工,取引済み
0-49,346,19,神奈川県藤沢市遠藤,2024/02/19,,,140,,ラミナ加工,505.00,21,未加工,取引済み
0-53,347,19,神奈川県藤沢市遠藤,2024/02/17,,,201,,ラミナ加工,396.00,21,未加工,取引済み
0-54,348,19,神奈川県藤沢市遠藤,2024/02/16,,,108,,ラミナ加工,249.00,21,未加工,取引済み
0-57,349,19,神奈川県藤沢市遠藤,2024/02/11,,,128,,ラミナ加工,368.00,21,未加工,取引済み
0-58,350,19,神奈川県藤沢市遠藤,2024/02/14,,,44,,ラミナ加工,554.00,21,未加工,取引済み
0-61,351,19,神奈川県藤沢市遠藤,2024/02/15,,,242,,ラミナ加工,573.00,21,未加工,取引済み
0-62,352,19,神奈川県藤沢市遠藤,2024/02/17,,,252,,ラミナ加工,565.00,21,未加工,取引済み
0-63,353,19,神奈川県藤沢市遠藤,2024/02/19,,,73,,ラミナ加工,526.00,21,未加工,取引済み
0-64,354,19,神奈川県藤沢市遠藤,2024/02/18,,,97,,ラミナ加工,471.00,21,未加工,取引済み
1-3,355,19,神奈川県藤沢市遠藤,2024/02/11,,,82,,ラミナ加工,456.00,22,未加工,取引済み
1-5,356,19,神奈川県藤沢市遠藤,2024/02/18,,,253,,ラミナ加工,522.00,22,未加工,取引済み
1-6,357,19,神奈川県藤沢市遠藤,2024/02/15,,,38,,ラミナ加工,393.00,22,未加工,取引済み
1-9,358,19,神奈川県藤沢市遠藤,2024/02/12,,,129,,ラミナ加工,400.00,22,未加工,取引済み
1-15,359,19,神奈川県藤沢市遠藤,2024/02/13,,,30,,ラミナ加工,795.00,22,未加工,取引済み
1-18,360,19,神奈川県藤沢市遠藤,2024/02/15,,,83,,ラミナ加工,346.00,22,未加工,取引済み
1-35,361,19,神奈川県藤沢市遠藤,2024/02/16,,,130,,ラミナ加工,338.00,22,未加工,取引済み
1-40,362,19,神奈川県藤沢市遠藤,2024/02/14,,,121,,ラミナ加工,418.00,22,未加工,取引済み
1-42,363,19,神奈川県藤沢市遠藤,2024/02/20,,,159,,ラミナ加工,789.00,22,未加工,取引済み
1-47,364,19,神奈川県藤沢市遠藤,2024/02/13,,,142,,ラミナ加工,516.00,22,未加工,取引済み
1-50,365,19,神奈川県藤沢市遠藤,2024/02/18,,,193,,ラミナ加工,358.00,22,未加工,取引済み
2-0,366,19,神奈川県藤沢市遠藤,2024/02/19,,,214,,ラミナ加工,483.00,23,未加工,取引済み
2-6,367,19,神奈川県藤沢市遠藤,2024/02/13,,,40,,ラミナ加工,462.00,23,未加工,取引済み
2-8,368,19,神奈川県藤沢市遠藤,2024/02/16,,,69,,ラミナ加工,505.00,23,未加工,取引済み
2-12,369,19,神奈川県藤沢市遠藤,2024/02/15,,,173,,ラミナ加工,326.00,23,未加工,取引済み
2-13,370,19,神奈川県藤沢市遠藤,2024/02/19,,,194,,ラミナ加工,389.00,23,未加工,取引済み
2-17,371,19,神奈川県藤沢市遠藤,2024/02/19,,,32,,ラミナ加工,790.00,23,未加工,取引済み
2-21,372,19,神奈川県藤沢市遠藤,2024/02/14,,,57,,ラミナ加工,288.00,23,未加工,取引済み
2-22,373,19,神奈川県藤沢市遠藤,2024/02/20,,,205,,ラミナ加工,435.00,23,未加工,取引済み
2-30,374,19,神奈川県藤沢市遠藤,2024/02/19,,,219,,ラミナ加工,278.00,23,未加工,取引済み
2-31,375,19,神奈川県藤沢市遠藤,2024/02/11,,,58,,ラミナ加工,237.00,23,未加工,取引済み
2-32,376,19,神奈川県藤沢市遠藤,2024/02/12,,,260,,ラミナ加工,"1,078.00",23,未加工,取引済み
2-36,377,19,神奈川県藤沢市遠藤,2024/02/15,,,123,,ラミナ加工,505.00,23,未加工,取引済み
2-37,378,19,神奈川県藤沢市遠藤,2024/02/19,,,220,,ラミナ加工,250.00,23,未加工,取引済み
2-39,379,19,神奈川県藤沢市遠藤,2024/02/11,,,133,,ラミナ加工,383.00,23,未加工,取引済み
2-43,380,19,神奈川県藤沢市遠藤,2024/02/17,,,112,,ラミナ加工,414.00,23,未加工,取引済み
2-44,381,19,神奈川県藤沢市遠藤,2024/02/19,,,50,,ラミナ加工,704.00,23,未加工,取引済み
2-46,382,19,神奈川県藤沢市遠藤,2024/02/17,,,76,,ラミナ加工,614.00,23,未加工,取引済み
2-48,383,19,神奈川県藤沢市遠藤,2024/02/19,,,41,,ラミナ加工,453.00,23,未加工,取引済み
2-53,384,19,神奈川県藤沢市遠藤,2024/02/16,,,155,,ラミナ加工,345.00,23,未加工,取引済み
2-57,385,19,神奈川県藤沢市遠藤,2024/02/17,,,60,,ラミナ加工,246.00,23,未加工,取引済み
3-0,386,19,神奈川県藤沢市遠藤,2024/02/17,,,176,,ラミナ加工,291.00,24,未加工,取引済み
3-1,387,19,神奈川県藤沢市遠藤,2024/02/14,,,104,,ラミナ加工,496.00,24,未加工,取引済み
3-3,388,19,神奈川県藤沢市遠藤,2024/02/18,,,223,,ラミナ加工,234.00,24,未加工,取引済み
3-6,389,19,神奈川県藤沢市遠藤,2024/02/20,,,165,,ラミナ加工,880.00,24,未加工,取引済み
3-8,390,19,神奈川県藤沢市遠藤,2024/02/20,,,245,,ラミナ加工,478.00,24,未加工,取引済み
3-10,391,19,神奈川県藤沢市遠藤,2024/02/11,,,208,,ラミナ加工,419.00,24,未加工,取引済み
3-13,392,19,神奈川県藤沢市遠藤,2024/02/18,,,215,,ラミナ加工,431.00,24,未加工,取引済み
3-15,393,19,神奈川県藤沢市遠藤,2024/02/14,,,246,,ラミナ加工,572.00,24,未加工,取引済み
3-17,394,19,神奈川県藤沢市遠藤,2024/02/15,,,113,,ラミナ加工,399.00,24,未加工,取引済み
3-22,395,19,神奈川県藤沢市遠藤,2024/02/20,,,156,,ラミナ加工,387.00,24,未加工,取引済み
3-25,396,19,神奈川県藤沢市遠藤,2024/02/11,,,71,,ラミナ加工,425.00,24,未加工,取引済み
3-29,397,19,神奈川県藤沢市遠藤,2024/02/17,,,226,,ラミナ加工,273.00,24,未加工,取引済み
3-30,398,19,神奈川県藤沢市遠藤,2024/02/19,,,177,,ラミナ加工,287.00,24,未加工,取引済み
3-31,399,19,神奈川県藤沢市遠藤,2024/02/20,,,227,,ラミナ加工,299.00,24,未加工,取引済み
3-33,400,19,神奈川県藤沢市遠藤,2024/02/17,,,228,,ラミナ加工,242.00,24,未加工,取引済み
3-37,401,19,神奈川県藤沢市遠藤,2024/02/17,,,72,,ラミナ加工,515.00,24,未加工,取引済み
3-38,402,19,神奈川県藤沢市遠藤,2024/02/13,,,124,,ラミナ加工,441.00,24,未加工,取引済み
3-41,403,19,神奈川県藤沢市遠藤,2024/02/12,,,88,,ラミナ加工,411.00,24,未加工,取引済み
3-42,404,19,神奈川県藤沢市遠藤,2024/02/12,,,34,,ラミナ加工,892.00,24,未加工,取引済み
3-45,405,19,神奈川県藤沢市遠藤,2024/02/11,,,125,,ラミナ加工,398.00,24,未加工,取引済み
3-46,406,19,神奈川県藤沢市遠藤,2024/02/17,,,216,,ラミナ加工,368.00,24,未加工,取引済み
3-47,407,19,神奈川県藤沢市遠藤,2024/02/15,,,229,,ラミナ加工,218.00,24,未加工,取引済み
3-50,408,19,神奈川県藤沢市遠藤,2024/02/17,,,230,,ラミナ加工,267.00,24,未加工,取引済み
3-52,409,19,神奈川県藤沢市遠藤,2024/02/14,,,178,,ラミナ加工,264.00,24,未加工,取引済み
3-56,410,19,神奈川県藤沢市遠藤,2024/02/16,,,64,,ラミナ加工,272.00,24,未加工,取引済み
0-1,411,20,神奈川県藤沢市遠藤,2024/02/15,,,117,,ラミナ加工,469.00,21,未加工,取引済み
0-3,412,20,神奈川県藤沢市遠藤,2024/02/16,,,118,,ラミナ加工,587.00,21,未加工,取引済み
0-6,413,20,神奈川県藤沢市遠藤,2024/02/18,,,96,,ラミナ加工,459.00,21,未加工,取引済み
0-9,414,20,神奈川県藤沢市遠藤,2024/02/14,,,65,,ラミナ加工,517.00,21,未加工,取引済み
0-12,415,20,神奈川県藤沢市遠藤,2024/02/13,,,199,,ラミナ加工,454.00,21,未加工,取引済み
0-18,416,20,神奈川県藤沢市遠藤,2024/02/14,,,80,,ラミナ加工,387.00,21,未加工,取引済み
0-20,417,20,神奈川県藤沢市遠藤,2024/02/16,,,209,,ラミナ加工,510.00,21,未加工,取引済み
0-22,418,20,神奈川県藤沢市遠藤,2024/02/11,,,29,,ラミナ加工,691.00,21,未加工,取引済み
0-23,419,20,神奈川県藤沢市遠藤,2024/02/17,,,179,,ラミナ加工,918.00,21,未加工,取引済み
0-24,420,20,神奈川県藤沢市遠藤,2024/02/14,,,169,,ラミナ加工,264.00,21,未加工,取引済み
0-29,421,20,神奈川県藤沢市遠藤,2024/02/16,,,210,,ラミナ加工,441.00,21,未加工,取引済み
0-30,422,20,神奈川県藤沢市遠藤,2024/02/14,,,53,,ラミナ加工,252.00,21,未加工,取引済み
0-32,423,20,神奈川県藤沢市遠藤,2024/02/20,,,188,,ラミナ加工,375.00,21,未加工,取引済み
0-37,424,20,神奈川県藤沢市遠藤,2024/02/13,,,212,,ラミナ加工,349.00,21,未加工,取引済み
0-38,425,20,神奈川県藤沢市遠藤,2024/02/16,,,127,,ラミナ加工,380.00,21,未加工,取引済み
0-43,426,20,神奈川県藤沢市遠藤,2024/02/17,,,240,,ラミナ加工,454.00,21,未加工,取引済み
0-45,427,20,神奈川県藤沢市遠藤,2024/02/11,,,162,,ラミナ加工,954.00,21,未加工,取引済み
0-50,428,20,神奈川県藤沢市遠藤,2024/02/16,,,43,,ラミナ加工,745.00,21,未加工,取引済み
0-52,429,20,神奈川県藤沢市遠藤,2024/02/20,,,81,,ラミナ加工,399.00,21,未加工,取引済み
0-56,430,20,神奈川県藤沢市遠藤,2024/02/16,,,36,,ラミナ加工,484.00,21,未加工,取引済み
0-59,431,20,神奈川県藤沢市遠藤,2024/02/11,,,238,,ラミナ加工,"1,478.00",21,未加工,取引済み
1-0,432,20,神奈川県藤沢市遠藤,2024/02/15,,,45,,ラミナ加工,585.00,22,未加工,取引済み
1-2,433,20,神奈川県藤沢市遠藤,2024/02/16,,,148,,ラミナ加工,427.00,22,未加工,取引済み
1-7,434,20,神奈川県藤沢市遠藤,2024/02/13,,,67,,ラミナ加工,460.00,22,未加工,取引済み
1-11,435,20,神奈川県藤沢市遠藤,2024/02/18,,,202,,ラミナ加工,535.00,22,未加工,取引済み
1-17,436,20,神奈川県藤沢市遠藤,2024/02/15,,,141,,ラミナ加工,599.00,22,未加工,取引済み
1-19,437,20,神奈川県藤沢市遠藤,2024/02/20,,,39,,ラミナ加工,482.00,22,未加工,取引済み
1-20,438,20,神奈川県藤沢市遠藤,2024/02/20,,,181,,ラミナ加工,805.00,22,未加工,取引済み
1-23,439,20,神奈川県藤沢市遠藤,2024/02/19,,,217,,ラミナ加工,248.00,22,未加工,取引済み
1-24,440,20,神奈川県藤沢市遠藤,2024/02/12,,,235,,ラミナ加工,590.00,22,未加工,取引済み
1-26,441,20,神奈川県藤沢市遠藤,2024/02/12,,,243,,ラミナ加工,678.00,22,未加工,取引済み
1-30,442,20,神奈川県藤沢市遠藤,2024/02/19,,,164,,ラミナ加工,847.00,22,未加工,取引済み
1-31,443,20,神奈川県藤沢市遠藤,2024/02/14,,,47,,ラミナ加工,606.00,22,未加工,取引済み
1-36,444,20,神奈川県藤沢市遠藤,2024/02/18,,,99,,ラミナ加工,435.00,22,未加工,取引済み
1-37,445,20,神奈川県藤沢市遠藤,2024/02/13,,,183,,ラミナ加工,716.00,22,未加工,取引済み
1-39,446,20,神奈川県藤沢市遠藤,2024/02/14,,,255,,ラミナ加工,534.00,22,未加工,取引済み
1-41,447,20,神奈川県藤沢市遠藤,2024/02/14,,,192,,ラミナ加工,309.00,22,未加工,取引済み
1-44,448,20,神奈川県藤沢市遠藤,2024/02/17,,,48,,ラミナ加工,576.00,22,未加工,取引済み
1-45,449,20,神奈川県藤沢市遠藤,2024/02/13,,,56,,ラミナ加工,233.00,22,未加工,取引済み
1-46,450,20,神奈川県藤沢市遠藤,2024/02/16,,,31,,ラミナ加工,762.00,22,未加工,取引済み
1-48,451,20,神奈川県藤沢市遠藤,2024/02/17,,,74,,ラミナ加工,492.00,22,未加工,取引済み
1-49,452,20,神奈川県藤沢市遠藤,2024/02/14,,,143,,ラミナ加工,572.00,22,未加工,取引済み
2-1,453,20,神奈川県藤沢市遠藤,2024/02/17,,,75,,ラミナ加工,595.00,23,未加工,取引済み
2-2,454,20,神奈川県藤沢市遠藤,2024/02/12,,,150,,ラミナ加工,393.00,23,未加工,取引済み
2-3,455,20,神奈川県藤沢市遠藤,2024/02/19,,,84,,ラミナ加工,482.00,23,未加工,取引済み
2-4,456,20,神奈川県藤沢市遠藤,2024/02/19,,,109,,ラミナ加工,354.00,23,未加工,取引済み
2-10,457,20,神奈川県藤沢市遠藤,2024/02/17,,,132,,ラミナ加工,274.00,23,未加工,取引済み
2-14,458,20,神奈川県藤沢市遠藤,2024/02/18,,,151,,ラミナ加工,418.00,23,未加工,取引済み
2-15,459,20,神奈川県藤沢市遠藤,2024/02/12,,,122,,ラミナ加工,449.00,23,未加工,取引済み
2-18,460,20,神奈川県藤沢市遠藤,2024/02/16,,,152,,ラミナ加工,480.00,23,未加工,取引済み
2-24,461,20,神奈川県藤沢市遠藤,2024/02/16,,,244,,ラミナ加工,603.00,23,未加工,取引済み
2-25,462,20,神奈川県藤沢市遠藤,2024/02/16,,,195,,ラミナ加工,308.00,23,未加工,取引済み
2-26,463,20,神奈川県藤沢市遠藤,2024/02/16,,,111,,ラミナ加工,361.00,23,未加工,取引済み
2-27,464,20,神奈川県藤沢市遠藤,2024/02/14,,,33,,ラミナ加工,691.00,23,未加工,取引済み
2-28,465,20,神奈川県藤沢市遠藤,2024/02/20,,,101,,ラミナ加工,392.00,23,未加工,取引済み
2-33,466,20,神奈川県藤沢市遠藤,2024/02/14,,,59,,ラミナ加工,243.00,23,未加工,取引済み
2-34,467,20,神奈川県藤沢市遠藤,2024/02/19,,,86,,ラミナ加工,404.00,23,未加工,取引済み
2-42,468,20,神奈川県藤沢市遠藤,2024/02/18,,,175,,ラミナ加工,321.00,23,未加工,取引済み
2-47,469,20,神奈川県藤沢市遠藤,2024/02/17,,,94,,ラミナ加工,725.00,23,未加工,取引済み
2-54,470,20,神奈川県藤沢市遠藤,2024/02/16,,,222,,ラミナ加工,227.00,23,未加工,取引済み
2-56,471,20,神奈川県藤沢市遠藤,2024/02/11,,,239,,ラミナ加工,"1,429.00",23,未加工,取引済み
3-2,472,20,神奈川県藤沢市遠藤,2024/02/15,,,61,,ラミナ加工,225.00,24,未加工,取引済み
3-4,473,20,神奈川県藤沢市遠藤,2024/02/15,,,261,,ラミナ加工,868.00,24,未加工,取引済み
3-5,474,20,神奈川県藤沢市遠藤,2024/02/17,,,136,,ラミナ加工,374.00,24,未加工,取引済み
3-7,475,20,神奈川県藤沢市遠藤,2024/02/14,,,62,,ラミナ加工,241.00,24,未加工,取引済み
3-9,476,20,神奈川県藤沢市遠藤,2024/02/12,,,137,,ラミナ加工,330.00,24,未加工,取引済み
3-14,477,20,神奈川県藤沢市遠藤,2024/02/13,,,196,,ラミナ加工,358.00,24,未加工,取引済み
3-16,478,20,神奈川県藤沢市遠藤,2024/02/17,,,166,,ラミナ加工,"1,020.00",24,未加工,取引済み
3-18,479,20,神奈川県藤沢市遠藤,2024/02/18,,,256,,ラミナ加工,625.00,24,未加工,取引済み
3-19,480,20,神奈川県藤沢市遠藤,2024/02/16,,,114,,ラミナ加工,343.00,24,未加工,取引済み
3-20,481,20,神奈川県藤沢市遠藤,2024/02/12,,,224,,ラミナ加工,273.00,24,未加工,取引済み
3-21,482,20,神奈川県藤沢市遠藤,2024/02/20,,,95,,ラミナ加工,651.00,24,未加工,取引済み
3-23,483,20,神奈川県藤沢市遠藤,2024/02/11,,,138,,ラミナ加工,321.00,24,未加工,取引済み
3-24,484,20,神奈川県藤沢市遠藤,2024/02/16,,,237,,ラミナ加工,551.00,24,未加工,取引済み
3-26,485,20,神奈川県藤沢市遠藤,2024/02/12,,,115,,ラミナ加工,319.00,24,未加工,取引済み
3-28,486,20,神奈川県藤沢市遠藤,2024/02/13,,,225,,ラミナ加工,200.00,24,未加工,取引済み
3-35,487,20,神奈川県藤沢市遠藤,2024/02/15,,,87,,ラミナ加工,525.00,24,未加工,取引済み
3-39,488,20,神奈川県藤沢市遠藤,2024/02/12,,,79,,ラミナ加工,643.00,24,未加工,取引済み
3-40,489,20,神奈川県藤沢市遠藤,2024/02/15,,,116,,ラミナ加工,305.00,24,未加工,取引済み
3-49,490,20,神奈川県藤沢市遠藤,2024/02/15,,,144,,ラミナ加工,594.00,24,未加工,取引済み
3-51,491,20,神奈川県藤沢市遠藤,2024/02/14,,,63,,ラミナ加工,208.00,24,未加工,取引済み
3-54,492,20,神奈川県藤沢市遠藤,2024/02/14,,,231,,ラミナ加工,262.00,24,未加工,取引済み
3-55,493,20,神奈川県藤沢市遠藤,2024/02/19,,,160,,ラミナ加工,870.00,24,未加工,取引済み
3-57,494,20,神奈川県藤沢市遠藤,2024/02/18,,,161,,ラミナ加工,875.00,24,未加工,取引済み
0,495,21,神奈川県藤沢市遠藤,2024/02/25,,,"332,411,262,412,263,264,413,333,334,414,265,266,415,267,335,268,336,269,416,270,417,337,418,419,420,271,272,273,338,421,422,274,423,339,340,275,341,424,425,342,343,276,277,426,278,427,344,345,279,346,428,280,429347,348,281,430,349,350,431,282,351,352,353,354",,集成材生産,"8,000.00",25,未加工,取引済み
1,496,22,神奈川県藤沢市遠藤,2024/02/23,,,"432,283,433,355,284,356,357,434,285,358,286,435,287,288,289,359,290,436,360,437,438,291,292,439,440,293,441,294,295,296,442,443,297,298,299,361,444,445,300,446,362,447,363,301,448,449,450,364,451,452,365,302",,集成材生産,"9,000.00",26,未加工,取引済み
2,497,23,神奈川県藤沢市遠藤,2024/02/27,,,"366,453,454,455,456,303,367,304,368,305,457,306,369,370,458,459,307,371,460,308,309,372,373,310,461,462,463,464,465,311,374,375,376,466,467,312,377,378,313,379,314,315,468,380,381,316,382,469,383,317,318,319,320,384,470,321,471,385",,集成材生産,"6,000.00",27,未加工,取引済み
3,498,24,神奈川県藤沢市遠藤,2024/02/26,,,"386,387,472,388,473,474,389,475,390,476,391,322,323,392,477,393,478,394,479,480,481,482,395,483,484,396,485,324,486,397,398,399,325,400,326,487,327,401,402,488,489,403,404,328,329,405,406,407,330,490,408,491,409,331,492,493,410,494",,集成材生産,"8,000.00",28,未加工,取引済み